patient_id,microwave_phase_shift,microwave_attenuation
P00001,4.543077385449118,6.555874069031409
P00002,-0.5506895957462477,4.871138164308543
P00003,-1.6071450385703687,8.362365894278495
P00004,4.948111622817918,9.370211683555038
P00005,2.6613397851364233,4.724343362643082
P00006,4.167697559618238,5.841544914398762
P00007,-0.4347024735866195,7.184203156653622
P00008,-4.264033218718489,3.2553881479580644
P00009,0.8860239824987435,7.997932316263414
P00010,-0.3932633482055157,7.257178732451479
P00011,6.513524832783963,8.972398698397447
P00012,-4.215822267547301,10.128786330848666
P00013,0.2313381160623143,5.6825526779014695
P00014,1.9988583277267749,5.809838114240731
P00015,2.5859728120950876,5.0812965416565925
P00016,2.5632850291188474,6.126152335455167
P00017,0.026174104275292,7.658133831260871
P00018,-4.813297284908073,2.3562236133899495
P00019,1.5447456685596357,3.9335726963850064
P00020,4.598737379261549,7.800481256213144
P00021,0.3346474862667361,4.0512550865292205
P00022,-0.4353367536880315,8.396505206990096
P00023,1.5492809204074192,6.141536424459425
P00024,3.0745918134864745,5.73029590131709
P00025,4.2339651431765954,9.524920038002229
P00026,8.322180917300848,6.7212013527855445
P00027,4.301553510402901,7.463925047460796
P00028,0.8632045460393363,9.25494355726319
P00029,-1.4238899552021214,7.664694670667188
P00030,0.0275819483099852,7.354630568251478
P00031,6.071579415586628,5.524541414061339
P00032,0.9854829068549776,4.241432848170799
P00033,0.3738011618583636,5.484314772147842
P00034,3.1804718172668816,7.51422013321354
P00035,5.745149958929792,8.450841069206898
P00036,2.2114088762707302,6.267754259258298
P00037,3.153543577931095,8.20294481696776
P00038,2.1934968000791297,4.665298163622045
P00039,1.0369009144680357,8.42307529478657
P00040,3.45946825234175,8.929917003771783
P00041,7.392737851179086,13.442443077332642
P00042,0.686720167391845,5.490580654441781
P00043,7.5774038331220845,8.299188118356005
P00044,2.6308514252735167,6.152530831844453
P00045,5.556472405058838,7.617798719457962
P00046,0.3960971425749242,7.71627716182166
P00047,2.736231374141465,6.747301711694508
P00048,2.2201961824095635,5.16087308938001
P00049,4.734694818963286,5.273079788750436
P00050,4.773235440256794,7.624212158913738
P00051,2.7026948270292177,9.98648515095462
P00052,8.416996293702791,9.25988145806843
P00053,2.0259536705888315,5.898231534174066
P00054,5.775344736729389,9.801325029432444
P00055,1.5401734490103445,6.192737087397424
P00056,3.502005535462339,4.575854342166124
P00057,-0.3894605363418031,7.575397524476045
P00058,6.235043949627725,9.783531808853509
P00059,1.6511483840737722,9.317904766096913
P00060,2.6917772264724444,8.889778925383936
P00061,1.0816173956780086,5.769132637765014
P00062,2.5127043306705312,5.417045155179483
P00063,1.835013351787979,7.794818768817511
P00064,1.7272193511676146,6.5820857915674456
P00065,4.217827046117924,9.812274751120372
P00066,2.323272167559311,3.5692504064750996
P00067,1.1757759253477102,5.104139261538232
P00068,7.910598536731751,7.275260402916385
P00069,4.593620502628821,6.104207229309541
P00070,1.39083385439091,8.815793262409251
P00071,-1.4353309717077734,5.948532680613539
P00072,1.30736254106354,6.738888331404399
P00073,2.0362742128798934,10.411656012428216
P00074,2.099323425048274,7.602496019831643
P00075,1.8768883221059025,6.681773175008562
P00076,3.915052989534761,9.261123536432232
P00077,2.4773766487751345,4.104591672664025
P00078,4.50598099202147,13.081738392688177
P00079,4.727319823709742,10.325133294024443
P00080,3.9484117195885418,5.877496642862724
P00081,4.5450522276012855,6.321456015408826
P00082,2.0639307515048984,5.8656339369594495
P00083,-1.5484438073218023,3.072063318665613
P00084,4.460886959166289,5.69510776467182
P00085,-1.0353749198028084,6.162270546247188
P00086,4.688810856361829,7.115648164729492
P00087,2.4204283822690495,6.1727433501779085
P00088,5.833666363206573,8.479984068329655
P00089,0.8043491991621696,8.330471712190448
P00090,3.2747440995045016,9.688084603973646
P00091,2.8398319059300654,5.629790629130902
P00092,-3.992184244181332,4.935295490236516
P00093,4.3731225190210825,6.607709419876634
P00094,2.8051676170240336,7.171845980888952
P00095,-1.1911147964524922,5.694632279997709
P00096,0.1803587398604004,8.472266275942545
P00097,-2.4574736177103977,7.330981641907114
P00098,1.605429657559371,5.497367341138063
P00099,2.4102309450293182,2.499880832183721
P00100,-3.1164260540456317,5.658498759255108
P00101,2.2837165583387344,7.607086955087611
P00102,0.9313065164927968,3.3691074390503872
P00103,2.3519003421746127,6.827752835953027
P00104,8.201623581154054,8.227716546635499
P00105,1.2611246124480844,8.521910271268595
P00106,2.375301183123147,6.130422696500394
P00107,1.5300685538585426,8.483015315569238
P00108,1.6294917786879672,8.23969715323874
P00109,-2.6992857197898186,4.287623472410764
P00110,-3.971938990482987,4.513896641920698
P00111,-1.6037106954839644,6.162179735404779
P00112,0.8397895499345336,7.192032972189837
P00113,1.7373962524961546,6.565165414781497
P00114,-1.2899683953742391,6.785030242055878
P00115,1.209255286446738,7.636705544379613
P00116,2.306545559421131,10.10787963639102
P00117,0.2358098113845111,5.410407347954098
P00118,5.076823997104272,5.847531657981685
P00119,2.220430712344326,5.956188232169218
P00120,1.373789497262433,6.853604178132112
P00121,3.2755068770071434,6.502218765294296
P00122,1.5843438115998718,8.02775820301664
P00123,-0.5974069612422084,3.78736688509982
P00124,0.7414159040604753,4.340037417014138
P00125,2.1785494560881635,7.24144725905925
P00126,3.171284054806137,8.762965274042902
P00127,4.0851094272191695,6.941539960513574
P00128,-2.4296965074183787,4.569105439734776
P00129,2.9615150646203565,5.111565457428565
P00130,1.0031601177726968,7.10671569345881
P00131,1.537776791083859,5.072116627958922
P00132,0.5622486587820075,3.76003351243475
P00133,1.7667710087693091,6.395522769029887
P00134,0.8087600251959869,8.309416046382957
P00135,2.1213300295550113,4.631793892187586
P00136,0.2568081160250302,6.326566413591809
P00137,1.6700742153426087,10.111509997178777
P00138,-0.8065194073870376,8.76359820738641
P00139,7.338401005935799,11.953424462638711
P00140,5.244740524128852,10.499980218771846
P00141,2.4453937771531136,6.299515191306722
P00142,-1.5655816608930762,6.606295759219837
P00143,-2.826405827556413,5.841351765047109
P00144,3.561208511977782,8.735483415811473
P00145,-2.082967045199964,6.4691193005264385
P00146,2.6347945436587024,5.8956020985270055
P00147,1.729151634830071,9.720251033176565
P00148,1.676590280063115,5.911940520853296
P00149,5.435600676430689,7.803938180493882
P00150,2.8833801196345883,5.598752561794902
P00151,1.8068244911807296,8.276255489279755
P00152,0.5308159155732133,7.617770419909007
P00153,-0.4129411808034237,5.183093175955414
P00154,4.497842737701184,9.15694106091317
P00155,2.792948231470184,9.654477456776847
P00156,3.3956421935261076,6.932644641886192
P00157,-0.5200160080322663,4.788814888701195
P00158,-0.4634157043629066,5.865777223658703
P00159,-0.1139178391354178,6.311598428025207
P00160,-4.9191139139569025,2.456077842312577
P00161,1.1180531300521577,6.3413757610830395
P00162,2.5907823788441857,6.604956302880893
P00163,0.9764577271253853,9.413615374804577
P00164,0.8349124653453734,4.170249499441282
P00165,4.527764362529928,6.668371961808328
P00166,3.897758844443642,6.725007322304837
P00167,2.097145285568,5.186128644963219
P00168,1.551337828761327,7.074509564080351
P00169,2.2918919035639536,10.481620602685384
P00170,2.607998663586712,7.7205159727696975
P00171,0.7853883300026868,4.177458765564568
P00172,2.924321236415625,4.897603779358148
P00173,0.5604959207180638,4.714770045003175
P00174,-0.9317774621038832,2.8370848664829103
P00175,1.3810119275653063,4.800004371553891
P00176,3.248492410588218,7.053151679903118
P00177,3.3828058694543897,4.7534292357188805
P00178,6.014284304563514,7.279253615307908
P00179,1.3177844837061845,8.688886794420933
P00180,6.025574362218277,11.55830548334146
P00181,4.804063519418595,7.1868215628461325
P00182,4.761246070932262,5.201873916448466
P00183,3.464575456700989,5.00414921677947
P00184,0.5391191726853974,6.421862605964204
P00185,2.837070883179863,2.3855857552872104
P00186,5.592711788259592,11.21823407474745
P00187,3.652770251834799,9.629233443706694
P00188,-1.1924937496216543,4.504834391587211
P00189,3.1671160580790048,9.049466154975466
P00190,6.6342902069616585,8.047551758292474
P00191,0.742623404524654,7.240687210735457
P00192,1.3730429481973276,6.3708942253050225
P00193,-1.0128876766317445,2.3566410205916584
P00194,4.856041622859378,8.689558320461915
P00195,4.788835374224531,8.671548756681023
P00196,2.856931923708671,8.511818528001657
P00197,2.2014772859891445,7.4308433372623615
P00198,3.0897840691119036,4.7162711519841505
P00199,0.7341989941119649,7.937917416029753
P00200,2.328810393314399,3.234973765343146
P00201,2.6572721368490084,7.583417810250327
P00202,4.49166682970038,7.679069059154769
P00203,6.297258783023977,11.127142135738856
P00204,3.215679340931498,8.600699160836214
P00205,-2.2271429904314464,4.373310663183803
P00206,2.3244635548591175,6.9654600663197765
P00207,2.866419915556913,4.142740392898712
P00208,2.0543605058144747,8.002875033001363
P00209,0.2376216068076024,5.820636494098829
P00210,4.94023780442018,9.271700601166236
P00211,3.108718138696932,9.165009418734922
P00212,0.6914973898022647,9.064977981666466
P00213,-1.017605691197592,6.26756172622865
P00214,3.4894092397806022,6.954520057767151
P00215,-0.4734207357013376,8.528379817020598
P00216,1.475916555411509,5.970362214320655
P00217,2.9977576197589157,10.48524098200776
P00218,6.371720833241509,8.718890353770549
P00219,5.600420958880994,7.136241163392775
P00220,-1.2456324383634447,7.055160065256675
P00221,4.249305421253267,5.402889268202308
P00222,0.5545952641790506,5.404569779340655
P00223,2.595958468651164,7.13510574127439
P00224,5.451986767093873,6.136345644011254
P00225,1.1057396547557368,6.353167555129465
P00226,1.2885276266237362,5.840901850479693
P00227,2.874061692843516,10.660034227892362
P00228,6.969997524035491,9.27195120218632
P00229,-4.484833165448472,8.354891908138539
P00230,1.6321918554773005,7.484211873700172
P00231,1.946391917984945,6.323121033742158
P00232,-0.7636355079923542,5.530380254722444
P00233,2.688808124679971,7.243250018052437
P00234,6.170323459477954,8.733449508558511
P00235,-1.0071112417765336,6.536453676616231
P00236,3.823245835812013,3.182983962529213
P00237,-1.079332095993507,3.7957742808746424
P00238,1.8010953230368116,4.004276056148698
P00239,-1.0475056619527714,1.0881760396181406
P00240,2.171414845819796,11.052747555897668
P00241,1.9475313935365304,8.2483237561971
P00242,3.0516241828804156,6.8082439255808955
P00243,0.3383652741853846,3.141671124945795
P00244,-0.4951421147467869,8.339205172937103
P00245,2.7537231105459496,5.5600899350975626
P00246,1.5250602463056393,6.241198566915248
P00247,2.178115246758898,7.991102189070942
P00248,-0.2854460121117343,6.529733696477475
P00249,2.8494960683181816,9.217733250331976
P00250,1.9961049147048464,8.270012541296333
P00251,0.933432764912412,7.062799377553617
P00252,2.3644711531248115,7.053074060174852
P00253,5.8960875685883325,8.619275341540105
P00254,-2.2986652630695916,5.425557662908118
P00255,5.246923775143864,6.696906375553331
P00256,0.9947029286245992,5.321809526797053
P00257,5.016625948216574,7.806119080947945
P00258,4.122889272552773,6.712714815330608
P00259,1.702090116052332,6.2386413239973235
P00260,2.17624537510828,6.004539620907694
P00261,0.1053738196162388,8.228484177735325
P00262,0.3560652532055885,6.818783494569377
P00263,-1.070504325254352,4.009397142710349
P00264,4.058548488752325,5.457426745469952
P00265,4.156364291830882,7.511017237165894
P00266,-0.2205218256910455,6.979004288090412
P00267,0.6716966262989488,5.2768599460486865
P00268,2.082632702595242,4.875307636358411
P00269,2.7009599894014036,6.342189112595756
P00270,6.129135655603504,6.732727310981017
P00271,2.4360663011594443,6.004898892330516
P00272,0.7543266618302074,6.098837280095729
P00273,4.17307283736621,7.515483771857931
P00274,4.225796782754948,6.035140488361683
P00275,2.4128008295897327,7.556000806769307
P00276,1.4000893636692648,7.440372756506521
P00277,1.4299173248681472,8.68914904495184
P00278,-0.622989402719986,4.406729055588218
P00279,0.4528054275421791,8.89985548206282
P00280,2.98697309759538,11.074740864365594
P00281,4.523254032029888,8.766255751188073
P00282,2.0885439354115807,6.196465820041286
P00283,5.604469430371893,9.549186038235938
P00284,-0.7908856601946286,7.506786856709891
P00285,7.493162596168078,12.216913700548549
P00286,-1.6290285248989438,6.51292243829956
P00287,2.1803548938601804,10.171325638199232
P00288,0.8448745406253736,5.911241958225549
P00289,1.549596079547706,8.060347225590043
P00290,2.62144808757483,6.836489843671629
P00291,0.2632607467833006,6.170122591046048
P00292,2.010435918819128,7.757589604004562
P00293,3.146233201912147,10.089561387001972
P00294,0.005131564172937,5.353626210412606
P00295,2.167414788410533,5.956166784644193
P00296,4.082045693247162,5.9831354507398204
P00297,0.5896739657501169,4.3741314285528645
P00298,1.0879437634960576,8.866451029623928
P00299,-0.7593419729865376,6.597946045777303
P00300,2.686719380985932,8.359227702393772
P00301,0.1103901968598704,7.1172244124529405
P00302,-1.0605812680112736,6.674595961114117
P00303,5.232261900375098,8.800106482817405
P00304,-2.4696298383804196,5.0906801234423025
P00305,4.177872068877502,5.052449554540452
P00306,-0.9496355605269136,7.739381757416654
P00307,3.653139916818573,7.252217361429344
P00308,1.7767925994923943,9.211635886384116
P00309,6.709182388982794,11.99436356373567
P00310,3.822702368555373,7.244136950674079
P00311,5.327607569189983,10.44062668719724
P00312,2.459114828889227,7.0422736394710155
P00313,1.8322104938487176,6.768781513597368
P00314,-1.4151068822609203,5.167405669981902
P00315,1.2116262688467234,7.54900477755507
P00316,3.4718300918634326,6.487984985383888
P00317,1.3645171132034029,5.58738606459074
P00318,2.8799728964062528,6.150376049779411
P00319,1.6046723565231478,10.413834882159016
P00320,-1.2153630081117628,0.3942047964935651
P00321,0.5947899688217507,5.859528679152428
P00322,-1.3619429707241832,4.901511307338543
P00323,3.1383745626635595,5.788458057357935
P00324,2.4417400880401883,6.947190549804934
P00325,-0.2599177905446228,6.860926838575329
P00326,4.4825936931326105,10.343706747976803
P00327,2.3374156387265677,8.229387896524004
P00328,1.026015754108604,7.85602895009474
P00329,-0.900977197967463,6.138951620638936
P00330,-0.4806511966964364,8.52940802675843
P00331,5.273829109534023,8.115935100661725
P00332,-1.4760136981972014,6.354937597076376
P00333,1.5664024491191495,9.20290415158428
P00334,1.2604973780553,5.01523338375854
P00335,3.1482949718656266,5.357972715369661
P00336,0.3698699612963234,2.4030098335558923
P00337,1.7879519718597088,7.884713410755424
P00338,0.4434703892885406,5.946755112939085
P00339,3.798208043747626,5.047565459170848
P00340,-1.051642249481565,9.365657141783965
P00341,1.4724675296516154,5.66706477503723
P00342,1.347667274752859,10.706431427245274
P00343,-0.0808752539674313,7.681933330742886
P00344,3.797990044265054,7.050155250567377
P00345,8.68972757641713,10.253417678871724
P00346,2.1386936952014306,5.875597991084486
P00347,-0.3652222480868079,2.864337136209035
P00348,2.50335105655988,4.213637494468413
P00349,-0.9746871022113792,7.1821111285343955
P00350,4.18560137197465,6.895355174901089
P00351,-0.6075102081403021,6.7346760719489716
P00352,1.308385452453345,6.402394832356636
P00353,5.132891828674702,11.105341638043274
P00354,1.4748371656700965,3.294343070219032
P00355,3.264685680347184,6.342007363069683
P00356,-2.403648272458632,7.966348804370651
P00357,2.2549504121864503,4.948107083774402
P00358,2.06557878262372,7.986092852023357
P00359,-0.1444736615143782,5.415990908672318
P00360,5.147201214586673,7.326337738842476
P00361,1.5759272355349176,8.02437345655621
P00362,3.9282484919126506,5.904451165842707
P00363,0.5831715332840819,5.357844398806175
P00364,-1.5002754267237663,5.596445457336874
P00365,2.4996107278925224,6.836859365348282
P00366,3.844153034940416,6.363688751429764
P00367,-4.169008345709009,4.638808408707112
P00368,0.6259879364889457,7.530788515782796
P00369,1.3014549687674597,5.7056935937735975
P00370,0.9209326824024826,3.883484115445392
P00371,5.554118668890547,6.3273114486843305
P00372,3.462889600981105,8.058677540072928
P00373,2.5424869636532885,8.176621431445739
P00374,5.08906534323553,9.788668546677853
P00375,0.5799153238203161,6.100232643818113
P00376,6.278840668440217,7.827436934890591
P00377,1.4861792741203756,8.224381456038508
P00378,-0.869814719210658,6.245386029678171
P00379,4.626202130538364,7.1497586033510405
P00380,-2.6849722551164357,2.082773741891458
P00381,5.541628267820141,9.009467742552385
P00382,4.069232456556624,9.872086094862947
P00383,5.489191754991849,5.227415974631366
P00384,1.4570787503298277,8.064661270631353
P00385,-3.705726372442671,2.3204685260228453
P00386,-1.402335925782912,4.753741074490907
P00387,0.3449730912308746,3.377732128233249
P00388,7.733692191630827,11.907676417240264
P00389,0.3020738746249911,4.667638401423641
P00390,2.6831063541415188,6.996503285182194
P00391,1.1764973636339997,6.578211655476398
P00392,3.346325441801135,6.399663903261445
P00393,2.616396437312313,6.652627276065569
P00394,4.223430213305626,7.8582634955582575
P00395,7.358754045368576,7.516501988580461
P00396,4.6508228326194905,7.404010154990155
P00397,1.1402451134992484,9.00637392427111
P00398,1.2988401550097546,7.062313013072382
P00399,8.611230226002395,9.352027584287184
P00400,1.516484846879285,5.922991487314937
P00401,2.5919495022704253,7.270310530414484
P00402,3.1455535281223397,8.800909864211246
P00403,2.180161931466214,6.584519238314915
P00404,1.963762318007616,8.388249897709692
P00405,4.1024961256033174,8.8189843804017
P00406,5.6006117798475925,10.187478912617868
P00407,3.895274601249587,6.707831147992884
P00408,2.4116125799655217,6.645810397811597
P00409,0.2677712943025775,4.307222496172546
P00410,1.9909371646674277,6.623795439633487
P00411,2.731260624324203,5.180017004657246
P00412,6.300091482358083,7.569351528311525
P00413,-0.7329552076327783,8.643679780986773
P00414,6.3361461121708915,9.213689049598177
P00415,-1.0288218653111965,4.82783867266829
P00416,3.2675934607527948,6.889443835175795
P00417,12.427804771403224,12.194976108202471
P00418,1.4588551083166408,6.2898302164826365
P00419,2.577749986697389,8.804452144430154
P00420,4.850717343342976,9.442591641686098
P00421,1.2671576764578725,9.226516526321356
P00422,1.19208854516011,3.786697010750614
P00423,2.497876043288107,8.284223521323565
P00424,3.162279081910412,7.186901446740185
P00425,0.1118343903683385,6.792930030045376
P00426,0.2239935189975472,9.470535668425956
P00427,-0.6606393751306695,5.492186564062296
P00428,2.1692120187808936,11.640629292140192
P00429,2.1359585375854597,6.0258401167931055
P00430,-0.2398350182995146,7.28736547880692
P00431,2.1086825766201445,6.724229534824621
P00432,6.048726748758259,5.976522631305885
P00433,1.4297547042044425,9.089819260304363
P00434,-1.5833804694881528,5.629508851795121
P00435,8.079367395406873,9.091501844216694
P00436,1.336390175840198,9.314226627931934
P00437,-1.386199360083873,1.991699273126251
P00438,-0.1723146890179785,4.825121374996738
P00439,4.748129874291397,10.614108673390827
P00440,3.015626291501831,7.562438832417707
P00441,-1.4540287514178178,3.806842110929354
P00442,1.0923373474352949,6.753893099114009
P00443,0.0620790178620989,6.495196084495576
P00444,6.3234071355670505,10.49866931295913
P00445,-3.725024875272269,2.2597592768072725
P00446,4.2669936402643796,8.953167817675077
P00447,2.0270647224250142,9.06807377072396
P00448,4.967915585348694,9.284750980793246
P00449,-0.8213266397195558,4.432458759052183
P00450,-1.834656124524589,7.002374397998927
P00451,-0.5023008356951588,6.14945148342958
P00452,-0.1880251743652201,4.9490492271823605
P00453,3.909600748020584,8.061465712850458
P00454,1.091804315376875,11.440677456428656
P00455,4.399772010418016,7.370046463172179
P00456,-2.7114200246100943,2.570737961602216
P00457,2.034614282380604,5.967620098084933
P00458,-1.848227129617312,6.456709494737694
P00459,4.558928439577731,8.986328602180397
P00460,-0.2002030472453002,7.392428851184212
P00461,2.9763555420361216,9.58033902278598
P00462,-2.723119143405157,6.829120868788738
P00463,-0.6725670714067076,5.11273631755533
P00464,-0.4723475825935002,8.044234554933498
P00465,4.600528483261998,8.224584392578988
P00466,2.5260537424291845,8.195526860238544
P00467,1.6608306468183378,8.146054695765352
P00468,3.3034369133739077,7.24538509947388
P00469,3.1838468502316104,8.616653420345262
P00470,-1.1144383318225066,3.101887770690115
P00471,4.786391483834898,4.237745654334477
P00472,0.8325560336078244,7.3782367866257506
P00473,4.814736137072842,6.272276948495678
P00474,2.4705808448779996,5.821582056877522
P00475,3.0314183758546207,7.4871360596141425
P00476,2.487040322276902,7.477035050714518
P00477,2.944716827224795,9.222443540863006
P00478,3.13674243453009,9.895681840982151
P00479,1.6845831181576412,7.433169115999838
P00480,7.530464119833816,8.644479932506346
P00481,1.9230288351347216,5.812162728606334
P00482,5.506574166509358,5.943238760638042
P00483,2.473438771802808,8.18958396479634
P00484,7.830608468352077,5.198314941797172
P00485,-0.440711349831266,6.3519564660207255
P00486,3.056680396440117,6.353737038070347
P00487,-0.0009871250615655,4.897404392931554
P00488,3.9185007828885934,8.650263131933665
P00489,0.3503688683132939,9.860251803832924
P00490,1.3113534971324432,10.201271410326813
P00491,4.07935743676994,5.504761589705904
P00492,1.6787515799559274,6.246628493377972
P00493,0.9070424125853735,3.6186875077822807
P00494,3.9361458029919687,7.720541677931337
P00495,-0.3106918964500474,5.178948984693208
P00496,4.7286089905860775,6.104284606748196
P00497,-0.9587580963152812,6.299226742454829
P00498,3.071648428773513,9.823956625550997
P00499,3.0774720342701736,5.383432064569643
P00500,2.424469471944411,6.191032507630937
P00501,4.525932678900853,7.890412196775066
P00502,0.6764790601862201,9.583896502487438
P00503,0.367527632040445,5.972420695999332
P00504,-2.3328432091599014,4.236526976876425
P00505,-1.9683702467871151,4.364390982820311
P00506,4.089797225972573,9.545627718332252
P00507,1.997571816986066,5.077911815951457
P00508,2.0280914858551493,6.9654678139930395
P00509,3.4854509973154624,6.1475493210501
P00510,0.2615960433481969,5.838486566729192
P00511,3.854459862754447,8.877535146609945
P00512,2.9475065071915285,5.2575019873741455
P00513,1.6922887043162431,10.070102021998006
P00514,2.7644868027896425,9.26278711406714
P00515,-1.7318227753754138,5.907840972535202
P00516,3.719139533394443,8.899287016980749
P00517,2.468121109007488,7.9929490640803555
P00518,4.860349821615061,6.732764096694979
P00519,6.6693812380267765,10.137688016094511
P00520,1.0772325844744934,9.523497585060603
P00521,-0.9836390103375874,6.974591650299512
P00522,-2.383634233621014,2.7808256021773183
P00523,-0.6758745765840786,4.334979082896355
P00524,7.555086847828055,10.809585738347025
P00525,6.378522483981046,11.86926524346357
P00526,2.3046255594080973,5.596626298342569
P00527,2.974982844441034,4.111944638739163
P00528,0.3187206648938615,4.731847837568598
P00529,2.1566838115828744,7.787850796494186
P00530,8.035195138699477,9.297415352801533
P00531,3.75953507304009,7.8984647832094845
P00532,0.1663381420416581,5.909451287876898
P00533,5.79187524446159,9.188382420684055
P00534,-0.336411002916461,5.4722131198745805
P00535,-0.4889176788848414,6.278659215369721
P00536,0.2501158005568538,9.648125342505402
P00537,1.918446387711103,6.519452959012877
P00538,3.6402325891693974,8.093279354819654
P00539,-0.1360745423485241,3.783503727665566
P00540,0.3523625137388139,6.862093038278957
P00541,-1.9186839317948257,5.655041944596375
P00542,2.722954255418887,10.025827036121475
P00543,6.522301438631115,9.809772246335433
P00544,2.0583266481210343,3.918574988515872
P00545,1.8101853747889929,6.018551052769384
P00546,1.6387982770646463,5.04536675603486
P00547,1.3877355040206822,6.483821682924531
P00548,1.8498235105460092,6.87447098439547
P00549,4.980201755332603,6.328761886737593
P00550,1.4195578308604806,6.482890274908975
P00551,1.6516287344624776,2.992518993415047
P00552,-0.9063008111731784,1.5931590004300844
P00553,0.4402229653317184,6.984497260522961
P00554,-0.9566465001801898,9.800765306939788
P00555,0.7252864218843904,9.401794629266146
P00556,4.686485774642399,5.761615880527346
P00557,0.4512760997018537,6.96913297074032
P00558,5.427488309031652,7.319263858731221
P00559,3.635220551968219,3.57552190535805
P00560,3.0874512140999553,5.322242402578552
P00561,-1.686006034664391,4.283794721837987
P00562,-0.8235973532080849,5.185710602814874
P00563,2.619784927038522,7.171742184285203
P00564,-3.381949402152505,4.81504764008832
P00565,2.6837933562460172,6.710640122985402
P00566,3.703375557699171,6.72410628947587
P00567,2.603695084648618,4.414215499214295
P00568,-3.0379839283191625,3.819088587501175
P00569,1.4923456174369685,4.486831214449443
P00570,5.002677175723294,11.296694384373014
P00571,0.5208213908904188,4.6766762661560035
P00572,5.7198861412030135,5.153559738329427
P00573,3.871206667423541,4.753109648667261
P00574,2.55781276700834,6.224990577000252
P00575,2.3954535623548225,11.172585890568811
P00576,1.7134702629220246,5.343837318739011
P00577,0.9372242582946362,7.227817208352777
P00578,4.307441942781282,10.324363213645594
P00579,-1.8753116062643256,2.806530845803053
P00580,0.8487209909629145,9.3668404190637
P00581,-0.3265854175170394,6.730360231886053
P00582,1.0596955685605258,7.309662051587366
P00583,5.06436339458142,6.771428479111179
P00584,1.3269100293009164,4.333765749515717
P00585,2.683931556704373,10.108020726192192
P00586,4.691253546088786,8.869725520815845
P00587,-3.699495195014051,6.594228984383724
P00588,-0.4593947344398157,7.338919519188126
P00589,2.873978914637881,7.480725184615887
P00590,5.600454228967114,10.847180344093047
P00591,1.2545968073896838,5.752067938704925
P00592,-2.6157817202795286,6.712779991274521
P00593,3.370620864776327,10.16035105253765
P00594,-0.0859494539962852,6.014204108823309
P00595,2.358847135456168,5.535107303017636
P00596,4.328729151666121,8.903745531919629
P00597,1.357256243617843,4.824308322604013
P00598,4.234335711080855,4.2422116924920115
P00599,0.3966126989879032,6.802814839172099
P00600,2.0813082992028833,4.91867387767475
P00601,-0.3446869563127723,4.614432614194686
P00602,0.5067429956652609,8.561548902807461
P00603,3.988741333005385,9.011495902257256
P00604,-0.4861822493276908,4.362553050811414
P00605,0.184000544104753,6.784897380871653
P00606,-0.4780534805160839,0.4403642224742583
P00607,5.197244381462479,6.848374732380547
P00608,1.921270883135045,9.687452741931873
P00609,2.629396848540839,6.9893560285599685
P00610,4.788952574314886,8.58782029605634
P00611,-3.740643156223644,3.850806726133657
P00612,-1.5351126781644766,1.469264401102798
P00613,0.8153089186992719,6.378429727060008
P00614,2.14022399324906,6.960282205941822
P00615,1.020474493073193,9.683760272351934
P00616,-3.183760743632987,1.9535888606611396
P00617,7.013580028240603,7.937069927206453
P00618,4.799266738195994,8.170409630980746
P00619,2.5744392664127163,6.0209608538398145
P00620,-1.980385004054794,7.815559809313083
P00621,-0.5170881899997476,4.581967915988154
P00622,2.243727999281223,6.290572025737863
P00623,6.56219414362544,8.48178162487023
P00624,2.19931991080305,6.714077654275825
P00625,0.8558032129858071,3.8189510403718767
P00626,2.6277573696174263,4.676318600001606
P00627,5.6273585837902536,8.282506664053004
P00628,3.650054433341788,7.085624611930564
P00629,2.1691591062940567,3.703733184647428
P00630,-0.4478273266331088,5.752735211826875
P00631,0.3944401598904514,7.9220213870085665
P00632,7.287812385110579,8.196555167156125
P00633,3.3870580205391567,6.10165237346823
P00634,3.580942515370089,9.611604273504128
P00635,5.416445301818885,10.80657204632464
P00636,2.68918513511305,3.2014442243835424
P00637,4.58586150272412,6.875733092170687
P00638,0.4283246746298816,3.823531527348466
P00639,2.6000723922334537,11.083506465787751
P00640,2.0616713774079267,5.112790981643901
P00641,-1.445280908565163,5.46454745833326
P00642,1.945494478011709,9.332928588235474
P00643,6.463585742279022,10.080087526077802
P00644,1.5500009998219495,6.389264477262602
P00645,0.1928382701363772,6.045471665948942
P00646,0.6777408771819469,3.3050922893532393
P00647,-1.7262490084119286,8.762346843596912
P00648,-0.1968803451658986,3.465944324259276
P00649,4.885197574960052,9.472188691547696
P00650,1.8119192402687363,4.0099065030753644
P00651,4.022617103743696,5.994827261980672
P00652,4.291122204030821,4.85640860076289
P00653,5.402957152666988,6.75952534356022
P00654,1.6341413138333527,6.121001995445612
P00655,2.974476168204567,3.1472526146499016
P00656,1.872370422749357,5.895841645577614
P00657,-1.655060806354568,4.362476787337346
P00658,1.169571814975886,8.512540278341575
P00659,1.4258320996046825,8.853666066000267
P00660,3.7433724152365855,5.548875167439054
P00661,3.922295639755024,7.7246675155283056
P00662,-0.9445100819948362,4.427308897077003
P00663,-0.7335833902805288,8.437653912851824
P00664,2.5137525421534774,5.370101225159946
P00665,4.738668714023898,6.631161649064807
P00666,0.1112764633410585,5.385987971419095
P00667,-1.4089573121822143,4.058028434926581
P00668,4.9935987199759335,8.568064630410122
P00669,-1.8250609086410827,6.188318195615664
P00670,0.5185457730859754,7.487779064385396
P00671,4.693079271494759,8.744365735682557
P00672,4.278797435367873,9.799758360802674
P00673,1.910850418744224,6.024303298392222
P00674,1.3558089139734717,4.550958739265086
P00675,5.461062827140935,4.142405802809701
P00676,-1.6444210246587263,7.432148491752363
P00677,3.0997529074062737,8.270561287390846
P00678,2.8018702383662,8.285509638462829
P00679,3.0681262691321285,6.751166832538774
P00680,3.9824872590793454,6.376854289554688
P00681,2.161352803775126,7.296744038025783
P00682,3.2409639509632475,8.605856987817859
P00683,3.433729159395787,6.899921940688707
P00684,1.4262224559896917,8.991573334566404
P00685,0.349529226987341,8.410314013829282
P00686,3.881006250752179,6.092838043315546
P00687,1.1101176260887,7.409567131719773
P00688,6.779553821960635,4.372527244116516
P00689,2.96712339032704,7.429670971637134
P00690,3.0719718556726576,3.905699260450015
P00691,-0.7101498215304185,5.9217838300689145
P00692,-3.0715612649666317,3.3148760805613815
P00693,2.1344894277826523,5.668307474650357
P00694,4.145034407041917,5.065982652816604
P00695,3.984694137275717,3.4136811175571986
P00696,-3.4320889912831327,3.356211432945986
P00697,2.1423237786267006,5.388207456444336
P00698,1.8969718560347968,8.805444666086773
P00699,1.3587960968006612,8.324754207724688
P00700,1.3973188691538203,2.6653640511516414
P00701,2.343313343707189,5.919498792264885
P00702,0.4652526543294824,8.909603909575836
P00703,1.258971901468544,7.802752108199272
P00704,3.2291926747513187,4.8568719989336095
P00705,2.895172219950388,7.830392703611372
P00706,-4.262820146691202,3.917273149158206
P00707,3.6434450016362807,6.648311712214951
P00708,0.4322544725903681,6.011078595979525
P00709,0.8246094730416281,5.40042453773771
P00710,4.135243094128569,9.655072353178635
P00711,2.3076759221555943,5.848196173910715
P00712,3.347766701570668,6.247872319486778
P00713,3.168667790948577,6.994868456325023
P00714,4.701030743302544,7.964581322872264
P00715,0.9526346583775192,7.308275493200779
P00716,1.3906441068897628,6.611818843308447
P00717,1.1711503169778494,5.703961467591002
P00718,5.495517974892751,8.257122553289772
P00719,3.3846244617962915,7.598726713245289
P00720,3.62254507555214,4.0110360188983885
P00721,-1.052578127175329,4.29686778034053
P00722,6.778914266673416,9.930994605454174
P00723,-0.41562450569729,2.585877514866164
P00724,3.663990391867598,8.476474778844507
P00725,3.2310590253381575,8.580260853484662
P00726,4.4884789411173704,6.38334486645624
P00727,3.0219559821487065,8.60893575610993
P00728,3.3944298915951396,7.212464213262707
P00729,1.5382345232455452,7.34559949599253
P00730,0.5749298441908613,3.63328621382163
P00731,-2.315818702132911,4.346417600541771
P00732,2.754109343306234,7.120160219973538
P00733,0.5332945472887172,9.460980816349691
P00734,1.270504884470211,7.920345333353885
P00735,4.403310770909241,8.765489011177827
P00736,7.000983615150652,7.93221916419004
P00737,-2.5241122851702764,5.286348872524429
P00738,0.754362720914628,7.4130050021058596
P00739,0.3361291250934692,3.7684912559885424
P00740,-0.6508344486670853,6.5209155501000575
P00741,6.605679444269801,8.400268859694922
P00742,3.188646827479703,8.962301571779369
P00743,-3.2536479663239724,5.016069222452422
P00744,-1.6404834753098203,1.247890402259572
P00745,-0.0643135799640601,8.45642805380227
P00746,-2.9970927093136495,6.13468649836691
P00747,4.428331534331175,8.889141240640523
P00748,4.422427532866129,6.051735266628359
P00749,1.007308830639051,7.434306442218031
P00750,6.7645575900832196,8.938887834938704
P00751,1.6870063472024757,8.209803846699435
P00752,0.9150628089270674,7.476887886607406
P00753,-2.283754111867106,4.083794198638502
P00754,2.9910048301930012,5.037737066993672
P00755,4.464346032745687,8.562048440838504
P00756,-0.1198961452880356,3.879142408183416
P00757,6.030094312607044,6.527465443990325
P00758,-2.3916238908995613,2.9963665362035132
P00759,2.747050939393817,8.396731212977494
P00760,5.17903640131898,10.124357100176647
P00761,9.8778336843687,6.676504409508401
P00762,4.838223528656174,10.366425433470445
P00763,3.696069746197156,8.38134573458595
P00764,2.135787273457252,7.0066871341380725
P00765,-2.39661523721844,3.9213367631956606
P00766,3.504245513339505,8.779665148696775
P00767,1.1309663863979256,8.401680990512375
P00768,-0.8112074529893524,5.974393008502151
P00769,-0.8114902844439313,2.019668297639015
P00770,5.893342168060434,9.563913766798798
P00771,3.5431124493380843,9.452190774236849
P00772,5.356537922506188,6.499294126436895
P00773,3.215622677709487,8.373446369055833
P00774,4.186080742250638,9.700884420943009
P00775,1.5208763413880213,6.451089849436421
P00776,9.493154870909637,12.68787961730338
P00777,-2.9696708193388117,3.828291734475988
P00778,5.2584100039031405,6.599342326836225
P00779,6.248689587900152,8.266300544620522
P00780,3.674341487387259,7.449221620516696
P00781,4.358791744369954,3.123314861117519
P00782,-4.212507532233514,5.858809534234254
P00783,3.899196200909763,6.128917703283795
P00784,3.5188055921719767,8.989083488705672
P00785,4.3434107475581785,9.193612016730285
P00786,-0.1396431726298188,8.09418140363887
P00787,1.644178033264035,6.652090858264758
P00788,-6.2632738740620555,2.398829898623749
P00789,0.0076737470386795,4.039834390600536
P00790,-0.7742903377755241,9.602338654522695
P00791,4.9319932781851605,6.652274914630054
P00792,1.7920940793811488,1.8973362701503544
P00793,2.3464575489921105,9.278621368812422
P00794,1.5788936123643895,8.253769907917228
P00795,0.4692578940083661,8.780446998620281
P00796,3.492300888449242,8.967157577718117
P00797,1.8476055027728575,9.661413056827469
P00798,4.66839868207034,7.784392747348977
P00799,-1.2139484519918846,3.2093226922350295
P00800,0.9007117915641443,8.810651839981901
P00801,0.8913551823388841,7.194222903555952
P00802,2.6373830918512224,6.746887627220444
P00803,1.3910253970629696,5.661211397906186
P00804,1.523140582335888,6.355012849567936
P00805,4.2640610942861725,4.059047489824562
P00806,4.424340107946093,11.328571744819904
P00807,2.984878856667721,10.09017651479364
P00808,0.5811519510212477,5.365994934943299
P00809,4.558261633957824,8.356403280303612
P00810,4.571830583021659,6.737709225415409
P00811,1.3577838676143017,5.867431634984215
P00812,3.715373688326861,10.81327312854826
P00813,-1.200845063400883,4.5571024412992625
P00814,-2.551538061679726,6.614917646067519
P00815,3.7965396644398366,9.41785418764069
P00816,2.9780234857244112,8.69393853211965
P00817,4.492867246632958,10.057586159132937
P00818,3.6437543694351744,10.686774817651523
P00819,2.7942650125107216,6.659335373168467
P00820,-1.1130074512261825,7.355081770853179
P00821,3.0886928507564377,7.629154562344307
P00822,0.3228480137170284,5.819113841675266
P00823,1.8836362277524048,6.588100095152073
P00824,-3.2700761811386823,6.670025233206018
P00825,-1.2695815408769535,4.681897875496855
P00826,-1.6127586838225405,3.4823687003902495
P00827,3.2601574069394834,7.005590256114565
P00828,1.5441857511807142,3.9078925587924376
P00829,5.028864546211492,6.801743763149636
P00830,-4.485097244646462,5.073484538773019
P00831,2.0342606566211225,9.064953714056209
P00832,1.700906462042266,9.018616730985102
P00833,-0.8315447082885128,5.594510692508614
P00834,2.928732675832168,6.644964937820519
P00835,2.7500710376389694,9.168516393377868
P00836,2.848533838476905,6.761934422295051
P00837,2.108737331634394,5.907737606851425
P00838,3.571202407213783,7.808367058142499
P00839,1.9629514154038128,8.151494376502253
P00840,0.6071859567951712,9.029656193234992
P00841,4.2808172011477685,10.71584088061383
P00842,-0.0532045296392675,7.6494078393388785
P00843,3.8136455895242225,8.34319484830445
P00844,1.9180326728732224,9.025329113897683
P00845,1.1564334282768818,6.960591716928485
P00846,5.945077473265939,4.258409931773422
P00847,2.3138586031249733,10.889454553658195
P00848,3.8595213726022903,7.478920887289585
P00849,-1.123687729372612,8.775477713233165
P00850,1.2702093349810926,8.040791850335435
P00851,3.360409566957248,7.095410119054046
P00852,1.6262675587966404,6.575481120614226
P00853,3.8225460098351696,10.49038531673005
P00854,6.0606427985017755,14.841289371165374
P00855,1.584985153002898,6.341111851341109
P00856,-0.6237962052243877,8.647891898541882
P00857,0.7669195065756147,6.846916733341903
P00858,-0.804263675889125,2.5936760461976784
P00859,-1.651368440597824,3.70911658479008
P00860,1.913371205370137,5.524889694534496
P00861,1.9319393590452192,4.57943672252339
P00862,1.1558484939836866,7.751493017324663
P00863,-1.075612902847022,8.477374687328643
P00864,2.3175158407537517,6.7640394571442375
P00865,0.1686242767007164,5.118897113562099
P00866,7.771067597432864,9.39172497552106
P00867,3.555725156090531,7.131043517190319
P00868,-1.7060473395406384,5.287586687773412
P00869,1.0029134527345522,9.47794594652586
P00870,3.435145838212842,8.169481051892884
P00871,2.8151326662620737,4.603249791217953
P00872,1.0615965375446217,4.964275969957159
P00873,3.0330404893913325,7.471719348026426
P00874,2.6635663342314775,7.87679358054596
P00875,1.2975668356265166,7.94728657108032
P00876,0.7963782640011787,8.437423537048735
P00877,-1.158893895187791,6.769297807017552
P00878,2.6851256987452774,7.837646159242693
P00879,-1.2773577095792326,2.3041716190087476
P00880,0.7603660791884086,6.09671811462216
P00881,2.797155894425476,5.4422905633107845
P00882,0.6810287335595171,8.27475785569914
P00883,0.2254282495822164,9.494824129984067
P00884,0.1520603840972104,5.813696695803675
P00885,4.065051708297039,6.468615716096874
P00886,3.2707472761152765,8.459016991785738
P00887,-0.9735188577695792,5.796188394170466
P00888,3.703248412251648,5.361589734311334
P00889,-0.9247233926839348,7.511708075389898
P00890,-1.3192082828255411,8.35052309435935
P00891,0.1544713758707134,7.12008425630658
P00892,1.4019418071107697,5.877026369362426
P00893,5.11201093050016,7.921659557587102
P00894,5.6443419544584925,12.07887389472302
P00895,4.760696211972906,8.421316657355504
P00896,0.3853643519824232,3.542172256204923
P00897,2.300635857191078,12.064856345648789
P00898,-1.5696547281824549,6.817535178268029
P00899,2.634459223087217,7.575125605344984
P00900,1.8613050040872268,7.4603911646183185
P00901,6.476061977611439,8.105591210369182
P00902,2.3260227082347393,7.125969480871429
P00903,0.8078482973630132,5.876827617311642
P00904,2.5245402644140817,5.623088453546016
P00905,3.473029870420146,7.587955720138606
P00906,0.9318008197837052,9.896277865466068
P00907,3.237250762337946,7.682005893250034
P00908,1.435665295717683,3.3644553142124325
P00909,-0.5852347724451787,7.461314378464809
P00910,0.9722650831903968,6.7541210704411885
P00911,2.5853189763338578,6.586037956176602
P00912,6.203111936681203,8.721589413172264
P00913,3.7424306657418662,8.239120366842982
P00914,2.466423975575809,4.508134056912802
P00915,3.6655054841638255,6.657145401562007
P00916,5.794203705993631,7.198314500638068
P00917,4.211805543988566,8.645821977498548
P00918,2.8403820519402694,9.83355594705964
P00919,7.3276935721213246,11.019693184266242
P00920,-1.177553342259746,7.853783296983966
P00921,0.2764924047797592,8.835311366321232
P00922,1.918437678536117,6.531422459293847
P00923,5.25026510581296,6.359928752409349
P00924,1.444666882661176,6.146652897156453
P00925,3.9642829613921697,8.88676964009278
P00926,1.541924252932886,9.363363214151123
P00927,4.056362938652839,9.974461832271256
P00928,4.7976834151607175,6.54489565065747
P00929,2.07873502602071,9.348785913687744
P00930,3.032320469482806,10.00010386130575
P00931,0.8482104187395256,8.124235080431404
P00932,2.521500325721835,9.06417652649596
P00933,4.011672487865241,6.308855725482559
P00934,6.911920888021816,8.215883035276448
P00935,6.77337666690843,8.086469533300612
P00936,3.20832477749848,8.883083613782816
P00937,-1.0872377483280675,7.825007049271562
P00938,3.1474056995563577,5.434511566321802
P00939,1.1494324913290028,6.123364287713987
P00940,8.388565608450246,9.806798093818308
P00941,4.6743250624246535,4.900726088316331
P00942,5.453207294397917,7.05690568659198
P00943,3.808430757116363,9.62074245627615
P00944,3.692397816574736,6.434729623788914
P00945,3.5244617286213105,6.439198910578034
P00946,4.826772404986133,8.618082418567754
P00947,0.9433033546656135,4.950268266641565
P00948,3.3979899222908347,6.75270092352993
P00949,4.42223933091143,8.800062531237996
P00950,-0.4916507018334417,4.376818409729513
P00951,-0.6819513728459579,4.0556295745923965
P00952,4.028894824386374,5.464239065757072
P00953,1.44904321204415,5.602757067612276
P00954,-2.2151940184085728,1.3280736916130822
P00955,-0.0732398611439579,4.91420358824158
P00956,2.4061201247954607,9.61268374856578
P00957,1.0245781504719544,4.941413805983508
P00958,4.028332208329629,6.500135597603043
P00959,3.319774152016447,11.163722830875448
P00960,-1.1500704498120444,6.8935276706549455
P00961,4.297289834050196,6.651226035726367
P00962,-1.4702230926358195,4.330473176217058
P00963,0.8385484798603748,8.617354829461034
P00964,0.3191965213176058,9.954110937674034
P00965,0.5610377618057183,4.822298394482331
P00966,2.412807462464469,6.923783621654917
P00967,0.5738685383956432,7.986905414878796
P00968,0.4363653196101327,5.258785059187603
P00969,5.151164017681394,5.122679606747149
P00970,0.2576273254212676,5.0395505188945515
P00971,2.820292304516828,6.026282922430388
P00972,0.4019691198605593,6.17496257504642
P00973,5.4828141054452075,7.268286537729329
P00974,4.216232331583489,7.392921715253023
P00975,-1.6922070636308963,5.499657645851678
P00976,4.938654225345165,6.738412497455997
P00977,5.7988139942918435,6.661703990736845
P00978,6.278305513359964,6.895723637090412
P00979,1.0404602796328353,10.524094257574092
P00980,-1.9616003816064969,6.9771658582803315
P00981,4.137370562854819,9.1467253129187
P00982,0.1456477680924836,10.797663559089637
P00983,2.675730364895232,4.575036520431119
P00984,4.652886594297135,8.524547769374824
P00985,0.4911040542430002,2.59026510087572
P00986,2.657492073706815,6.734857090574587
P00987,2.813898082191899,4.2627291313569815
P00988,1.042562365878692,6.355257579685538
P00989,2.8279586888644626,9.02938467916463
P00990,7.295551799057952,9.232504965560764
P00991,8.431534819148306,11.136219585562468
P00992,6.513164020859529,7.199018029708201
P00993,2.3976846209626776,7.060646645928358
P00994,-1.7933321026953355,7.979254842429331
P00995,3.1183544328624055,5.867925161589787
P00996,-0.2137341524831617,4.213350904792687
P00997,2.1433219412116618,7.439124300306548
P00998,2.841619635439632,9.253724854302767
P00999,0.6646930542439827,7.950086065760444
P01000,-0.2753226065924352,5.725536259874378
P01001,-1.5621590549802848,5.272593267964088
P01002,2.611883580391487,4.628245186681436
P01003,0.9785899267687452,7.812284556965825
P01004,5.401583306530879,8.986286972087415
P01005,4.9082041285893405,7.566709849278606
P01006,6.445788546514322,8.268451530694236
P01007,6.373229078895966,9.355150098131372
P01008,1.1674546758391189,5.3367284714062375
P01009,3.590094899612141,6.1917767980869165
P01010,4.788416928645539,7.442906890813307
P01011,2.1579514852696695,2.357754071767354
P01012,1.0331388153212115,7.753141263550807
P01013,2.4885571198744723,6.665573494422445
P01014,3.8715631480549257,10.008181651889467
P01015,1.470174009841613,6.49796422899638
P01016,4.9634411971342205,6.1620905120494776
P01017,2.4880531498429006,7.274077829544392
P01018,0.5869790297015458,4.58427937009103
P01019,2.6214357411160023,4.911944491681119
P01020,2.8118405110406064,6.848248623019531
P01021,3.828490573143813,7.290291887357292
P01022,1.977650378728678,4.705503043261867
P01023,-0.6398137901634291,5.200699780426474
P01024,-1.790715201655143,2.668790481932882
P01025,-1.4825426627920095,3.2842276239600405
P01026,2.8402731060653608,7.887486356376045
P01027,1.5482553875217273,2.7341076294705076
P01028,-0.9494331328597676,7.833783885934474
P01029,0.0679795262073295,9.6354722092599
P01030,2.626072415299836,7.829784395423126
P01031,6.831992239711884,9.654446054431784
P01032,1.6980238112680732,7.41453533131479
P01033,-0.4811782643744191,7.659913039509727
P01034,3.4141277407371655,7.272998718045573
P01035,-1.358036365714676,3.5927305887191148
P01036,-0.8406322864853619,2.8009942436682445
P01037,2.950175849412854,9.955658890124692
P01038,2.800962712380587,9.450402737566266
P01039,2.9158730544314206,6.88707810913478
P01040,2.4317027918093155,6.298121934666729
P01041,1.931351610066773,7.490773099818341
P01042,2.5786582281033104,7.795230551732136
P01043,1.4439816141506427,3.9408999858060008
P01044,3.637430346275652,5.863027918981412
P01045,5.26241462118287,11.085695864949166
P01046,2.2162848493505933,7.73439723654262
P01047,1.3257055134714408,6.655744613937179
P01048,-1.801635756406158,5.309372258414865
P01049,1.4276757170970542,8.00286403520067
P01050,3.918664442857957,5.682896002561839
P01051,1.1704797916527032,4.427580443891887
P01052,2.8844368363000044,6.344901720364057
P01053,2.902508921977719,3.657114250513678
P01054,8.931265573251085,7.694653141473497
P01055,0.5815083099223048,6.677119746074512
P01056,0.1130089470475899,6.243558142708978
P01057,-0.8470882658836602,5.779883895720556
P01058,2.717614090823558,6.76489127710717
P01059,2.3575388846337937,5.614369668119435
P01060,4.505468466357863,8.729279292493302
P01061,3.5904203136450725,5.137802694878827
P01062,5.5451161055254,4.833799460196973
P01063,4.49699707561287,8.060752558516153
P01064,8.576729048605667,7.969888248305317
P01065,2.5922338789041133,7.297149390804451
P01066,1.4801463089132207,5.530701861136596
P01067,7.122527317057699,10.665502965138156
P01068,0.2479931704258096,5.992458541276239
P01069,1.0901516417352075,6.2256436189618505
P01070,3.746300612368654,5.604012879361765
P01071,2.617301313355477,6.740736867560667
P01072,1.355921278699421,8.017156104684709
P01073,0.8498407705244917,8.855194919139542
P01074,2.7549083358267645,9.75762186567739
P01075,2.95313368836372,7.263210754351313
P01076,-0.6247426417418825,4.452658915039037
P01077,1.2119887575939716,3.9475976349944935
P01078,3.244382220264805,9.01880778669453
P01079,-1.816862237842266,4.548401694116188
P01080,3.9528183638187704,8.50273176307127
P01081,5.361944246643006,8.43747789765072
P01082,1.1366686179401704,7.953193142338901
P01083,0.3918829485358657,8.975829004815388
P01084,4.814290728486631,9.954383295826537
P01085,0.6092181394249558,6.717857427569387
P01086,1.5917847116820198,7.434200591299611
P01087,0.3370959335518679,4.073390931681475
P01088,-0.2886780088153962,4.76456218858249
P01089,6.532449212963502,6.732018253924416
P01090,6.977948559380313,7.708213469995305
P01091,4.4631983984800705,9.00449741090862
P01092,4.088231896429332,10.20701429560078
P01093,4.3082580660725505,7.38254130871323
P01094,-2.3865136325613614,5.115869087456925
P01095,-0.5102122260825614,6.614390386798904
P01096,-1.0437184896335383,9.562958892764083
P01097,10.802603666496385,13.867703877352024
P01098,3.155050676632446,6.533208152974403
P01099,3.204542488176496,7.200316461266955
P01100,5.006682196931516,10.589964513199998
P01101,-1.430936589263084,5.473231680967562
P01102,0.7591639105767582,5.478369668747454
P01103,3.3771379094740412,4.317961783483975
P01104,5.328969788245072,7.0090285389957945
P01105,0.4671875516534038,6.564873552784052
P01106,-0.3749462933622389,5.182366340279257
P01107,4.526638330923786,9.24920309666843
P01108,2.0377271308085447,7.515991918299419
P01109,1.7398010170313607,11.372484350909415
P01110,1.653274375626625,5.575255729454214
P01111,1.6391063670158623,11.511982793673369
P01112,1.0648774923139102,3.978523149477743
P01113,2.364506187495619,5.630891148373167
P01114,3.316940381756925,7.701006453793745
P01115,3.6326686139057074,9.396596831409653
P01116,3.0253772337224363,8.069998724242502
P01117,4.252875073905454,6.410730382822555
P01118,1.456706116389651,6.118007938437973
P01119,9.924686198922744,7.654812709079032
P01120,2.2746598188834337,9.359834500249647
P01121,1.7941531517851383,8.912793994424895
P01122,2.1240877654584747,10.48264863246013
P01123,5.941199807495324,10.55752989142043
P01124,-0.939746417994489,3.298800207974968
P01125,2.1877912405495428,3.982171422325941
P01126,0.4619458204009254,9.252282461448468
P01127,3.9222912314864904,6.069313618109282
P01128,0.0362968289519765,6.8907694811966405
P01129,0.632452884248685,5.201388797794561
P01130,2.645037861411425,8.67371158613551
P01131,3.059135360708028,5.188389269713652
P01132,-2.816024354267842,4.983097803034096
P01133,2.3343623733285934,6.595009170952018
P01134,1.92639658514067,7.686281134080559
P01135,-0.7538568030070525,3.6385228795688382
P01136,2.4530284489941288,7.6598088068337455
P01137,4.07743778743527,5.197804527777469
P01138,1.1180062849593484,5.332005831804457
P01139,6.532797477250148,6.8501628594503785
P01140,4.693523435029803,11.86437272815276
P01141,5.482638751216264,7.90810126216764
P01142,-1.8149906862485063,2.85195373444682
P01143,-1.5295506683643734,4.772442192883728
P01144,2.992585801811136,8.880858220507264
P01145,-0.2640613718798241,7.915899095518499
P01146,1.6936313183073737,9.084406339645223
P01147,2.8495634395557095,7.85710869967387
P01148,2.324846672065391,5.211704800750495
P01149,7.996334353423817,10.195501809523776
P01150,5.414489263787104,6.692103549612996
P01151,3.0468568154320135,8.4808906339348
P01152,4.144724647928482,6.068121612973391
P01153,4.928658412876088,9.127765548241811
P01154,2.409912874886539,8.709345064992332
P01155,-1.103977976599536,6.168691614628641
P01156,2.749638646815673,2.9606883351015747
P01157,-1.1696696183671995,4.954283590864517
P01158,3.3625969516819336,9.769680278243008
P01159,1.4593001905688832,6.728643650495892
P01160,2.3420975271368687,8.351985254787653
P01161,2.6579180116483037,5.714922723832477
P01162,1.213083639714966,5.359930955657387
P01163,2.8239742017084417,4.784015559016023
P01164,0.2011033346690035,6.280617088952468
P01165,2.1104015806503176,8.517777130769602
P01166,2.407651018908653,8.6031202177792
P01167,4.412680768870702,7.460864844987105
P01168,9.01253360554801,8.201493690071327
P01169,-0.440018733853001,5.4798064127973305
P01170,3.847918918383435,7.268280342166139
P01171,-0.902578190378184,4.668467140329053
P01172,-0.1691622908986592,7.507845717806218
P01173,3.7131073393196656,5.650958499193151
P01174,3.691928394492665,9.2696243559595
P01175,2.1406678685653957,4.755250272444945
P01176,1.6947865884514712,5.640933671324365
P01177,3.018609604393201,7.210409723174171
P01178,1.0607540818553671,5.015799482788914
P01179,1.097547554354405,4.558408604343215
P01180,3.883937931658025,3.8745187034382744
P01181,-0.2129142789478988,5.209769212063222
P01182,2.2248206094325225,8.628466833869686
P01183,1.3780160670508037,4.575496006218915
P01184,-0.0636404962937118,7.091201435571279
P01185,5.347805235032417,6.340628778885614
P01186,0.1300762480995312,6.543247397025442
P01187,1.4081305152013217,4.323973060195922
P01188,3.9348770358673577,8.52659165860984
P01189,3.483842929275695,7.487963046186859
P01190,1.0311809497186537,5.190015495168543
P01191,1.1196729305400983,4.737585130869693
P01192,4.628642789663101,7.494036320446555
P01193,1.240853241287539,4.066923468568957
P01194,0.9695921315958052,8.647717766238472
P01195,5.962009576683904,6.96367256891939
P01196,0.9274121527997372,4.422812011424663
P01197,0.0239697790682866,5.064300387616407
P01198,-1.497599858412627,6.36463822304843
P01199,4.120283180752211,5.878692738512196
P01200,0.6133524602350526,10.241557714253872
